"INDIC_SB";"NACE_R2";"GEO";"FREQ";"obsTime";"obsValue";"OBS_STATUS";"OBS_FLAG"
"V11210";"B";"AT32";"A";"2013";57;NA;NA
"V11210";"B";"AT32";"A";"2012";57;NA;NA
"V11210";"B";"AT32";"A";"2011";65;NA;NA
"V11210";"B";"AT32";"A";"2010";66;NA;NA
"V11210";"B";"AT32";"A";"2009";61;NA;NA
"V11210";"B";"AT32";"A";"2008";60;NA;NA
"V11210";"B";"AT33";"A";"2013";74;NA;NA
"V11210";"B";"AT33";"A";"2012";69;NA;NA
"V11210";"B";"AT33";"A";"2011";66;NA;NA
"V11210";"B";"AT33";"A";"2010";66;NA;NA
"V11210";"B";"AT33";"A";"2009";64;NA;NA
"V11210";"B";"AT33";"A";"2008";64;NA;NA
"V11210";"B";"BE22";"A";"2013";32;NA;NA
"V11210";"B";"BE22";"A";"2012";26;NA;NA
"V11210";"B";"BE22";"A";"2011";36;NA;NA
"V11210";"B";"BE22";"A";"2010";36;NA;NA
"V11210";"B";"BE22";"A";"2009";38;NA;NA
"V11210";"B";"BE22";"A";"2008";NA;"na";"c"
"V11210";"B";"ES13";"A";"2013";21;NA;NA
"V11210";"B";"ES13";"A";"2012";30;NA;NA
"V11210";"B";"ES13";"A";"2011";31;NA;NA
"V11210";"B";"ES13";"A";"2010";31;NA;NA
"V11210";"B";"ES13";"A";"2009";28;NA;NA
"V11210";"B";"ES13";"A";"2008";30;NA;NA
"V11210";"B";"ITH1";"A";"2013";35;NA;NA
"V11210";"B";"ITH1";"A";"2012";34;NA;NA
"V11210";"B";"ITH1";"A";"2011";32;NA;NA
"V11210";"B";"ITH1";"A";"2010";NA;"na";NA
"V11210";"B";"ITH1";"A";"2009";NA;"na";NA
"V11210";"B";"ITH1";"A";"2008";NA;"na";NA
"V11210";"B";"ITH2";"A";"2013";66;NA;NA
"V11210";"B";"ITH2";"A";"2012";76;NA;NA
"V11210";"B";"ITH2";"A";"2011";157;NA;NA
"V11210";"B";"ITH2";"A";"2010";NA;"na";NA
"V11210";"B";"ITH2";"A";"2009";NA;"na";NA
"V11210";"B";"ITH2";"A";"2008";NA;"na";NA
"V11210";"B";"MT";"A";"2013";NA;"na";"c"
"V11210";"B";"MT";"A";"2012";NA;"na";"c"
"V11210";"B";"MT";"A";"2011";NA;"na";"c"
"V11210";"B";"MT";"A";"2010";NA;"na";"c"
"V11210";"B";"MT";"A";"2009";NA;"na";"c"
"V11210";"B";"MT";"A";"2008";NA;"na";"c"
"V11210";"B";"NL12";"A";"2013";19;NA;NA
"V11210";"B";"NL12";"A";"2012";16;NA;NA
"V11210";"B";"NL12";"A";"2011";18;NA;NA
"V11210";"B";"NL12";"A";"2010";17;NA;NA
"V11210";"B";"NL12";"A";"2009";14;NA;NA
"V11210";"B";"NL12";"A";"2008";14;NA;NA
"V11210";"B";"NL13";"A";"2013";60;NA;NA
"V11210";"B";"NL13";"A";"2012";43;NA;NA
"V11210";"B";"NL13";"A";"2011";41;NA;NA
"V11210";"B";"NL13";"A";"2010";38;NA;NA
"V11210";"B";"NL13";"A";"2009";33;NA;NA
"V11210";"B";"NL13";"A";"2008";37;NA;NA
"V11210";"B";"NL34";"A";"2013";21;NA;NA
"V11210";"B";"NL34";"A";"2012";16;NA;NA
"V11210";"B";"NL34";"A";"2011";13;NA;NA
"V11210";"B";"NL34";"A";"2010";14;NA;NA
"V11210";"B";"NL34";"A";"2009";15;NA;NA
"V11210";"B";"NL34";"A";"2008";18;NA;NA
"V11210";"B";"UKC1";"A";"2013";50;NA;NA
"V11210";"B";"UKC1";"A";"2012";45;NA;NA
"V11210";"B";"UKC1";"A";"2011";43;NA;NA
"V11210";"B";"UKC1";"A";"2010";44;NA;NA
"V11210";"B";"UKC1";"A";"2009";52;NA;NA
"V11210";"B";"UKC1";"A";"2008";48;NA;NA
"V11210";"B";"UKE2";"A";"2013";44;NA;NA
"V11210";"B";"UKE2";"A";"2012";48;NA;NA
"V11210";"B";"UKE2";"A";"2011";51;NA;NA
"V11210";"B";"UKE2";"A";"2010";47;NA;NA
"V11210";"B";"UKE2";"A";"2009";55;NA;NA
"V11210";"B";"UKE2";"A";"2008";58;NA;NA
"V11210";"C";"AT32";"A";"2013";2583;NA;NA
"V11210";"C";"AT32";"A";"2012";2514;NA;NA
"V11210";"C";"AT32";"A";"2011";2476;NA;NA
"V11210";"C";"AT32";"A";"2010";2470;NA;NA
"V11210";"C";"AT32";"A";"2009";2455;NA;NA
"V11210";"C";"AT32";"A";"2008";2501;NA;NA
"V11210";"C";"AT33";"A";"2013";3143;NA;NA
"V11210";"C";"AT33";"A";"2012";3090;NA;NA
"V11210";"C";"AT33";"A";"2011";3010;NA;NA
"V11210";"C";"AT33";"A";"2010";2989;NA;NA
"V11210";"C";"AT33";"A";"2009";2987;NA;NA
"V11210";"C";"AT33";"A";"2008";3041;NA;NA
"V11210";"C";"BE22";"A";"2013";3015;NA;NA
"V11210";"C";"BE22";"A";"2012";2978;NA;NA
"V11210";"C";"BE22";"A";"2011";3408;NA;NA
"V11210";"C";"BE22";"A";"2010";3352;NA;NA
"V11210";"C";"BE22";"A";"2009";3317;NA;NA
"V11210";"C";"BE22";"A";"2008";NA;"na";"c"
"V11210";"C";"ES13";"A";"2013";1936;NA;NA
"V11210";"C";"ES13";"A";"2012";1993;NA;NA
"V11210";"C";"ES13";"A";"2011";2074;NA;NA
"V11210";"C";"ES13";"A";"2010";2143;NA;NA
"V11210";"C";"ES13";"A";"2009";2163;NA;NA
"V11210";"C";"ES13";"A";"2008";2219;NA;NA
"V11210";"C";"ITH1";"A";"2013";3078;NA;NA
"V11210";"C";"ITH1";"A";"2012";3099;NA;NA
"V11210";"C";"ITH1";"A";"2011";3524;NA;NA
"V11210";"C";"ITH1";"A";"2010";NA;"na";NA
"V11210";"C";"ITH1";"A";"2009";NA;"na";NA
"V11210";"C";"ITH1";"A";"2008";NA;"na";NA
"V11210";"C";"ITH2";"A";"2013";3249;NA;NA
"V11210";"C";"ITH2";"A";"2012";3321;NA;NA
"V11210";"C";"ITH2";"A";"2011";3905;NA;NA
"V11210";"C";"ITH2";"A";"2010";NA;"na";NA
"V11210";"C";"ITH2";"A";"2009";NA;"na";NA
"V11210";"C";"ITH2";"A";"2008";NA;"na";NA
"V11210";"C";"MT";"A";"2013";NA;"na";"c"
"V11210";"C";"MT";"A";"2012";NA;"na";"c"
"V11210";"C";"MT";"A";"2011";NA;"na";"c"
"V11210";"C";"MT";"A";"2010";NA;"na";"c"
"V11210";"C";"MT";"A";"2009";NA;"na";"c"
"V11210";"C";"MT";"A";"2008";NA;"na";"c"
"V11210";"C";"NL12";"A";"2013";3511;NA;NA
"V11210";"C";"NL12";"A";"2012";3087;NA;NA
"V11210";"C";"NL12";"A";"2011";2970;NA;NA
"V11210";"C";"NL12";"A";"2010";2986;NA;NA
"V11210";"C";"NL12";"A";"2009";2603;NA;NA
"V11210";"C";"NL12";"A";"2008";2441;NA;NA
"V11210";"C";"NL13";"A";"2013";1844;NA;NA
"V11210";"C";"NL13";"A";"2012";1630;NA;NA
"V11210";"C";"NL13";"A";"2011";1565;NA;NA
"V11210";"C";"NL13";"A";"2010";1562;NA;NA
"V11210";"C";"NL13";"A";"2009";1411;NA;NA
"V11210";"C";"NL13";"A";"2008";1340;NA;NA
"V11210";"C";"NL34";"A";"2013";1718;NA;NA
"V11210";"C";"NL34";"A";"2012";1385;NA;NA
"V11210";"C";"NL34";"A";"2011";1329;NA;NA
"V11210";"C";"NL34";"A";"2010";1314;NA;NA
"V11210";"C";"NL34";"A";"2009";1175;NA;NA
"V11210";"C";"NL34";"A";"2008";1120;NA;NA
"V11210";"C";"UKC1";"A";"2013";2035;NA;NA
"V11210";"C";"UKC1";"A";"2012";1963;NA;NA
"V11210";"C";"UKC1";"A";"2011";1903;NA;NA
"V11210";"C";"UKC1";"A";"2010";1872;NA;NA
"V11210";"C";"UKC1";"A";"2009";2008;NA;NA
"V11210";"C";"UKC1";"A";"2008";2104;NA;NA
"V11210";"C";"UKE2";"A";"2013";1932;NA;NA
"V11210";"C";"UKE2";"A";"2012";1917;NA;NA
"V11210";"C";"UKE2";"A";"2011";1869;NA;NA
"V11210";"C";"UKE2";"A";"2010";1874;NA;NA
"V11210";"C";"UKE2";"A";"2009";1894;NA;NA
"V11210";"C";"UKE2";"A";"2008";1919;NA;NA
"V11210";"D";"AT32";"A";"2013";291;NA;NA
"V11210";"D";"AT32";"A";"2012";273;NA;NA
"V11210";"D";"AT32";"A";"2011";257;NA;NA
"V11210";"D";"AT32";"A";"2010";266;NA;NA
"V11210";"D";"AT32";"A";"2009";243;NA;NA
"V11210";"D";"AT32";"A";"2008";202;NA;NA
"V11210";"D";"AT33";"A";"2013";372;NA;NA
"V11210";"D";"AT33";"A";"2012";352;NA;NA
"V11210";"D";"AT33";"A";"2011";339;NA;NA
"V11210";"D";"AT33";"A";"2010";340;NA;NA
"V11210";"D";"AT33";"A";"2009";321;NA;NA
"V11210";"D";"AT33";"A";"2008";308;NA;NA
"V11210";"D";"BE22";"A";"2013";66;NA;NA
"V11210";"D";"BE22";"A";"2012";NA;"na";"c"
"V11210";"D";"BE22";"A";"2011";NA;"na";"c"
"V11210";"D";"BE22";"A";"2010";23;NA;NA
"V11210";"D";"BE22";"A";"2009";13;NA;NA
"V11210";"D";"BE22";"A";"2008";NA;"na";"c"
"V11210";"D";"ES13";"A";"2013";47;NA;NA
"V11210";"D";"ES13";"A";"2012";75;NA;NA
"V11210";"D";"ES13";"A";"2011";100;NA;NA
"V11210";"D";"ES13";"A";"2010";71;NA;NA
"V11210";"D";"ES13";"A";"2009";75;NA;NA
"V11210";"D";"ES13";"A";"2008";49;NA;NA
"V11210";"D";"ITH1";"A";"2013";961;NA;NA
"V11210";"D";"ITH1";"A";"2012";741;NA;NA
"V11210";"D";"ITH1";"A";"2011";664;NA;NA
"V11210";"D";"ITH1";"A";"2010";NA;"na";NA
"V11210";"D";"ITH1";"A";"2009";NA;"na";NA
"V11210";"D";"ITH1";"A";"2008";NA;"na";NA
"V11210";"D";"ITH2";"A";"2013";151;NA;NA
"V11210";"D";"ITH2";"A";"2012";116;NA;NA
"V11210";"D";"ITH2";"A";"2011";109;NA;NA
"V11210";"D";"ITH2";"A";"2010";NA;"na";NA
"V11210";"D";"ITH2";"A";"2009";NA;"na";NA
"V11210";"D";"ITH2";"A";"2008";NA;"na";NA
"V11210";"D";"MT";"A";"2013";NA;"na";"c"
"V11210";"D";"MT";"A";"2012";NA;"na";"c"
"V11210";"D";"MT";"A";"2011";NA;"na";"c"
"V11210";"D";"MT";"A";"2010";NA;"na";"c"
"V11210";"D";"MT";"A";"2009";NA;"na";"c"
"V11210";"D";"MT";"A";"2008";NA;"na";"c"
"V11210";"D";"NL12";"A";"2013";145;NA;NA
"V11210";"D";"NL12";"A";"2012";134;NA;NA
"V11210";"D";"NL12";"A";"2011";133;NA;NA
"V11210";"D";"NL12";"A";"2010";133;NA;NA
"V11210";"D";"NL12";"A";"2009";138;NA;NA
"V11210";"D";"NL12";"A";"2008";130;NA;NA
"V11210";"D";"NL13";"A";"2013";26;NA;NA
"V11210";"D";"NL13";"A";"2012";21;NA;NA
"V11210";"D";"NL13";"A";"2011";21;NA;NA
"V11210";"D";"NL13";"A";"2010";19;NA;NA
"V11210";"D";"NL13";"A";"2009";67;NA;NA
"V11210";"D";"NL13";"A";"2008";16;NA;NA
"V11210";"D";"NL34";"A";"2013";35;NA;NA
"V11210";"D";"NL34";"A";"2012";36;NA;NA
"V11210";"D";"NL34";"A";"2011";32;NA;NA
"V11210";"D";"NL34";"A";"2010";23;NA;NA
"V11210";"D";"NL34";"A";"2009";23;NA;NA
"V11210";"D";"NL34";"A";"2008";17;NA;NA
"V11210";"D";"UKC1";"A";"2013";78;NA;NA
"V11210";"D";"UKC1";"A";"2012";65;NA;NA
"V11210";"D";"UKC1";"A";"2011";63;NA;NA
"V11210";"D";"UKC1";"A";"2010";51;NA;NA
"V11210";"D";"UKC1";"A";"2009";46;NA;NA
"V11210";"D";"UKC1";"A";"2008";36;NA;NA
"V11210";"D";"UKE2";"A";"2013";58;NA;NA
"V11210";"D";"UKE2";"A";"2012";47;NA;NA
"V11210";"D";"UKE2";"A";"2011";37;NA;NA
"V11210";"D";"UKE2";"A";"2010";23;NA;NA
"V11210";"D";"UKE2";"A";"2009";21;NA;NA
"V11210";"D";"UKE2";"A";"2008";19;NA;NA
"V11210";"E";"AT32";"A";"2013";251;NA;NA
"V11210";"E";"AT32";"A";"2012";231;NA;NA
"V11210";"E";"AT32";"A";"2011";222;NA;NA
"V11210";"E";"AT32";"A";"2010";222;NA;NA
"V11210";"E";"AT32";"A";"2009";218;NA;NA
"V11210";"E";"AT32";"A";"2008";221;NA;NA
"V11210";"E";"AT33";"A";"2013";232;NA;NA
"V11210";"E";"AT33";"A";"2012";222;NA;NA
"V11210";"E";"AT33";"A";"2011";221;NA;NA
"V11210";"E";"AT33";"A";"2010";229;NA;NA
"V11210";"E";"AT33";"A";"2009";206;NA;NA
"V11210";"E";"AT33";"A";"2008";198;NA;NA
"V11210";"E";"BE22";"A";"2013";117;NA;NA
"V11210";"E";"BE22";"A";"2012";NA;"na";"c"
"V11210";"E";"BE22";"A";"2011";NA;"na";"c"
"V11210";"E";"BE22";"A";"2010";144;NA;NA
"V11210";"E";"BE22";"A";"2009";121;NA;NA
"V11210";"E";"BE22";"A";"2008";NA;"na";"c"
"V11210";"E";"ES13";"A";"2013";83;NA;NA
"V11210";"E";"ES13";"A";"2012";111;NA;NA
"V11210";"E";"ES13";"A";"2011";111;NA;NA
"V11210";"E";"ES13";"A";"2010";92;NA;NA
"V11210";"E";"ES13";"A";"2009";92;NA;NA
"V11210";"E";"ES13";"A";"2008";91;NA;NA
"V11210";"E";"ITH1";"A";"2013";75;NA;NA
"V11210";"E";"ITH1";"A";"2012";80;NA;NA
"V11210";"E";"ITH1";"A";"2011";119;NA;NA
"V11210";"E";"ITH1";"A";"2010";NA;"na";NA
"V11210";"E";"ITH1";"A";"2009";NA;"na";NA
"V11210";"E";"ITH1";"A";"2008";NA;"na";NA
"V11210";"E";"ITH2";"A";"2013";103;NA;NA
"V11210";"E";"ITH2";"A";"2012";103;NA;NA
"V11210";"E";"ITH2";"A";"2011";187;NA;NA
"V11210";"E";"ITH2";"A";"2010";NA;"na";NA
"V11210";"E";"ITH2";"A";"2009";NA;"na";NA
"V11210";"E";"ITH2";"A";"2008";NA;"na";NA
"V11210";"E";"MT";"A";"2013";153;NA;NA
"V11210";"E";"MT";"A";"2012";164;NA;NA
"V11210";"E";"MT";"A";"2011";160;NA;NA
"V11210";"E";"MT";"A";"2010";161;NA;NA
"V11210";"E";"MT";"A";"2009";164;NA;NA
"V11210";"E";"MT";"A";"2008";151;NA;NA
"V11210";"E";"NL12";"A";"2013";125;NA;NA
"V11210";"E";"NL12";"A";"2012";107;NA;NA
"V11210";"E";"NL12";"A";"2011";108;NA;NA
"V11210";"E";"NL12";"A";"2010";74;NA;NA
"V11210";"E";"NL12";"A";"2009";72;NA;NA
"V11210";"E";"NL12";"A";"2008";65;NA;NA
"V11210";"E";"NL13";"A";"2013";70;NA;NA
"V11210";"E";"NL13";"A";"2012";63;NA;NA
"V11210";"E";"NL13";"A";"2011";61;NA;NA
"V11210";"E";"NL13";"A";"2010";52;NA;NA
"V11210";"E";"NL13";"A";"2009";65;NA;NA
"V11210";"E";"NL13";"A";"2008";52;NA;NA
"V11210";"E";"NL34";"A";"2013";54;NA;NA
"V11210";"E";"NL34";"A";"2012";62;NA;NA
"V11210";"E";"NL34";"A";"2011";62;NA;NA
"V11210";"E";"NL34";"A";"2010";51;NA;NA
"V11210";"E";"NL34";"A";"2009";57;NA;NA
"V11210";"E";"NL34";"A";"2008";52;NA;NA
"V11210";"E";"UKC1";"A";"2013";175;NA;NA
"V11210";"E";"UKC1";"A";"2012";165;NA;NA
"V11210";"E";"UKC1";"A";"2011";161;NA;NA
"V11210";"E";"UKC1";"A";"2010";151;NA;NA
"V11210";"E";"UKC1";"A";"2009";151;NA;NA
"V11210";"E";"UKC1";"A";"2008";148;NA;NA
"V11210";"E";"UKE2";"A";"2013";146;NA;NA
"V11210";"E";"UKE2";"A";"2012";163;NA;NA
"V11210";"E";"UKE2";"A";"2011";152;NA;NA
"V11210";"E";"UKE2";"A";"2010";168;NA;NA
"V11210";"E";"UKE2";"A";"2009";163;NA;NA
"V11210";"E";"UKE2";"A";"2008";158;NA;NA
"V11210";"F";"AT32";"A";"2013";2989;NA;NA
"V11210";"F";"AT32";"A";"2012";2836;NA;NA
"V11210";"F";"AT32";"A";"2011";2755;NA;NA
"V11210";"F";"AT32";"A";"2010";2709;NA;NA
"V11210";"F";"AT32";"A";"2009";2577;NA;NA
"V11210";"F";"AT32";"A";"2008";2578;NA;NA
"V11210";"F";"AT33";"A";"2013";4060;NA;NA
"V11210";"F";"AT33";"A";"2012";3859;NA;NA
"V11210";"F";"AT33";"A";"2011";3694;NA;NA
"V11210";"F";"AT33";"A";"2010";3633;NA;NA
"V11210";"F";"AT33";"A";"2009";3497;NA;NA
"V11210";"F";"AT33";"A";"2008";3502;NA;NA
"V11210";"F";"BE22";"A";"2013";8510;NA;NA
"V11210";"F";"BE22";"A";"2012";8502;NA;NA
"V11210";"F";"BE22";"A";"2011";8609;NA;NA
"V11210";"F";"BE22";"A";"2010";8421;NA;NA
"V11210";"F";"BE22";"A";"2009";7306;NA;NA
"V11210";"F";"BE22";"A";"2008";6725;NA;NA
"V11210";"F";"ES13";"A";"2013";5161;NA;NA
"V11210";"F";"ES13";"A";"2012";5355;NA;NA
"V11210";"F";"ES13";"A";"2011";5834;NA;NA
"V11210";"F";"ES13";"A";"2010";6492;NA;NA
"V11210";"F";"ES13";"A";"2009";6385;NA;"p"
"V11210";"F";"ES13";"A";"2008";23462;NA;NA
"V11210";"F";"ITH1";"A";"2013";5570;NA;NA
"V11210";"F";"ITH1";"A";"2012";5593;NA;NA
"V11210";"F";"ITH1";"A";"2011";7086;NA;NA
"V11210";"F";"ITH1";"A";"2010";NA;"na";NA
"V11210";"F";"ITH1";"A";"2009";NA;"na";NA
"V11210";"F";"ITH1";"A";"2008";NA;"na";NA
"V11210";"F";"ITH2";"A";"2013";6309;NA;NA
"V11210";"F";"ITH2";"A";"2012";6534;NA;NA
"V11210";"F";"ITH2";"A";"2011";7044;NA;NA
"V11210";"F";"ITH2";"A";"2010";NA;"na";NA
"V11210";"F";"ITH2";"A";"2009";NA;"na";NA
"V11210";"F";"ITH2";"A";"2008";NA;"na";NA
"V11210";"F";"MT";"A";"2013";3623;NA;NA
"V11210";"F";"MT";"A";"2012";3835;NA;NA
"V11210";"F";"MT";"A";"2011";3924;NA;NA
"V11210";"F";"MT";"A";"2010";4034;NA;NA
"V11210";"F";"MT";"A";"2009";3592;NA;NA
"V11210";"F";"MT";"A";"2008";3139;NA;NA
"V11210";"F";"NL12";"A";"2013";6840;NA;NA
"V11210";"F";"NL12";"A";"2012";5996;NA;NA
"V11210";"F";"NL12";"A";"2011";5784;NA;NA
"V11210";"F";"NL12";"A";"2010";5837;NA;NA
"V11210";"F";"NL12";"A";"2009";5172;NA;NA
"V11210";"F";"NL12";"A";"2008";4673;NA;NA
"V11210";"F";"NL13";"A";"2013";4267;NA;NA
"V11210";"F";"NL13";"A";"2012";3711;NA;NA
"V11210";"F";"NL13";"A";"2011";3558;NA;NA
"V11210";"F";"NL13";"A";"2010";3532;NA;NA
"V11210";"F";"NL13";"A";"2009";3157;NA;NA
"V11210";"F";"NL13";"A";"2008";2869;NA;NA
"V11210";"F";"NL34";"A";"2013";3376;NA;NA
"V11210";"F";"NL34";"A";"2012";2794;NA;NA
"V11210";"F";"NL34";"A";"2011";2632;NA;NA
"V11210";"F";"NL34";"A";"2010";2630;NA;NA
"V11210";"F";"NL34";"A";"2009";2340;NA;NA
"V11210";"F";"NL34";"A";"2008";2118;NA;NA
"V11210";"F";"UKC1";"A";"2013";3442;NA;NA
"V11210";"F";"UKC1";"A";"2012";3344;NA;NA
"V11210";"F";"UKC1";"A";"2011";3343;NA;NA
"V11210";"F";"UKC1";"A";"2010";3329;NA;NA
"V11210";"F";"UKC1";"A";"2009";3497;NA;NA
"V11210";"F";"UKC1";"A";"2008";3720;NA;NA
"V11210";"F";"UKE2";"A";"2013";3741;NA;NA
"V11210";"F";"UKE2";"A";"2012";3807;NA;NA
"V11210";"F";"UKE2";"A";"2011";3952;NA;NA
"V11210";"F";"UKE2";"A";"2010";4027;NA;NA
"V11210";"F";"UKE2";"A";"2009";4229;NA;NA
"V11210";"F";"UKE2";"A";"2008";4497;NA;NA
"V11210";"G";"AT32";"A";"2013";8352;NA;NA
"V11210";"G";"AT32";"A";"2012";8049;NA;NA
"V11210";"G";"AT32";"A";"2011";7978;NA;NA
"V11210";"G";"AT32";"A";"2010";7991;NA;NA
"V11210";"G";"AT32";"A";"2009";7880;NA;NA
"V11210";"G";"AT32";"A";"2008";7974;NA;NA
"V11210";"G";"AT33";"A";"2013";10113;NA;NA
"V11210";"G";"AT33";"A";"2012";9863;NA;NA
"V11210";"G";"AT33";"A";"2011";9672;NA;NA
"V11210";"G";"AT33";"A";"2010";9631;NA;NA
"V11210";"G";"AT33";"A";"2009";9415;NA;NA
"V11210";"G";"AT33";"A";"2008";9620;NA;NA
"V11210";"G";"BE22";"A";"2013";10010;NA;NA
"V11210";"G";"BE22";"A";"2012";11512;NA;NA
"V11210";"G";"BE22";"A";"2011";11712;NA;NA
"V11210";"G";"BE22";"A";"2010";11706;NA;NA
"V11210";"G";"BE22";"A";"2009";10958;NA;NA
"V11210";"G";"BE22";"A";"2008";10776;NA;NA
"V11210";"G";"ES13";"A";"2013";9623;NA;NA
"V11210";"G";"ES13";"A";"2012";9968;NA;NA
"V11210";"G";"ES13";"A";"2011";10133;NA;NA
"V11210";"G";"ES13";"A";"2010";10125;NA;NA
"V11210";"G";"ES13";"A";"2009";10645;NA;NA
"V11210";"G";"ES13";"A";"2008";11054;NA;NA
"V11210";"G";"ITH1";"A";"2013";8384;NA;NA
"V11210";"G";"ITH1";"A";"2012";8517;NA;NA
"V11210";"G";"ITH1";"A";"2011";10417;NA;NA
"V11210";"G";"ITH1";"A";"2010";NA;"na";NA
"V11210";"G";"ITH1";"A";"2009";NA;"na";NA
"V11210";"G";"ITH1";"A";"2008";NA;"na";NA
"V11210";"G";"ITH2";"A";"2013";8278;NA;NA
"V11210";"G";"ITH2";"A";"2012";8332;NA;NA
"V11210";"G";"ITH2";"A";"2011";9891;NA;NA
"V11210";"G";"ITH2";"A";"2010";NA;"na";NA
"V11210";"G";"ITH2";"A";"2009";NA;"na";NA
"V11210";"G";"ITH2";"A";"2008";NA;"na";NA
"V11210";"G";"MT";"A";"2013";8999;NA;NA
"V11210";"G";"MT";"A";"2012";9260;NA;NA
"V11210";"G";"MT";"A";"2011";9587;NA;NA
"V11210";"G";"MT";"A";"2010";9677;NA;NA
"V11210";"G";"MT";"A";"2009";9659;NA;NA
"V11210";"G";"MT";"A";"2008";8957;NA;NA
"V11210";"G";"NL12";"A";"2013";11746;NA;NA
"V11210";"G";"NL12";"A";"2012";9936;NA;NA
"V11210";"G";"NL12";"A";"2011";9573;NA;NA
"V11210";"G";"NL12";"A";"2010";9536;NA;NA
"V11210";"G";"NL12";"A";"2009";8162;NA;NA
"V11210";"G";"NL12";"A";"2008";7963;NA;NA
"V11210";"G";"NL13";"A";"2013";8965;NA;NA
"V11210";"G";"NL13";"A";"2012";7594;NA;NA
"V11210";"G";"NL13";"A";"2011";7318;NA;NA
"V11210";"G";"NL13";"A";"2010";7291;NA;NA
"V11210";"G";"NL13";"A";"2009";6175;NA;NA
"V11210";"G";"NL13";"A";"2008";6035;NA;NA
"V11210";"G";"NL34";"A";"2013";6451;NA;NA
"V11210";"G";"NL34";"A";"2012";5590;NA;NA
"V11210";"G";"NL34";"A";"2011";5468;NA;NA
"V11210";"G";"NL34";"A";"2010";5447;NA;NA
"V11210";"G";"NL34";"A";"2009";4634;NA;NA
"V11210";"G";"NL34";"A";"2008";4607;NA;NA
"V11210";"G";"UKC1";"A";"2013";6715;NA;NA
"V11210";"G";"UKC1";"A";"2012";6731;NA;NA
"V11210";"G";"UKC1";"A";"2011";6878;NA;NA
"V11210";"G";"UKC1";"A";"2010";6912;NA;NA
"V11210";"G";"UKC1";"A";"2009";6954;NA;NA
"V11210";"G";"UKC1";"A";"2008";7218;NA;NA
"V11210";"G";"UKE2";"A";"2013";7409;NA;NA
"V11210";"G";"UKE2";"A";"2012";7405;NA;NA
"V11210";"G";"UKE2";"A";"2011";7536;NA;NA
"V11210";"G";"UKE2";"A";"2010";7455;NA;NA
"V11210";"G";"UKE2";"A";"2009";7458;NA;NA
"V11210";"G";"UKE2";"A";"2008";7680;NA;NA
"V11210";"H";"AT32";"A";"2013";2031;NA;NA
"V11210";"H";"AT32";"A";"2012";1957;NA;NA
"V11210";"H";"AT32";"A";"2011";1924;NA;NA
"V11210";"H";"AT32";"A";"2010";1897;NA;NA
"V11210";"H";"AT32";"A";"2009";1913;NA;NA
"V11210";"H";"AT32";"A";"2008";1945;NA;NA
"V11210";"H";"AT33";"A";"2013";2286;NA;NA
"V11210";"H";"AT33";"A";"2012";2122;NA;NA
"V11210";"H";"AT33";"A";"2011";2103;NA;NA
"V11210";"H";"AT33";"A";"2010";2107;NA;NA
"V11210";"H";"AT33";"A";"2009";2106;NA;NA
"V11210";"H";"AT33";"A";"2008";2198;NA;NA
"V11210";"H";"BE22";"A";"2013";1058;NA;NA
"V11210";"H";"BE22";"A";"2012";992;NA;NA
"V11210";"H";"BE22";"A";"2011";1182;NA;NA
"V11210";"H";"BE22";"A";"2010";1281;NA;NA
"V11210";"H";"BE22";"A";"2009";1196;NA;NA
"V11210";"H";"BE22";"A";"2008";1107;NA;NA
"V11210";"H";"ES13";"A";"2013";2622;NA;NA
"V11210";"H";"ES13";"A";"2012";2682;NA;NA
"V11210";"H";"ES13";"A";"2011";2871;NA;NA
"V11210";"H";"ES13";"A";"2010";2760;NA;NA
"V11210";"H";"ES13";"A";"2009";2965;NA;NA
"V11210";"H";"ES13";"A";"2008";2913;NA;NA
"V11210";"H";"ITH1";"A";"2013";1450;NA;NA
"V11210";"H";"ITH1";"A";"2012";1459;NA;NA
"V11210";"H";"ITH1";"A";"2011";1624;NA;NA
"V11210";"H";"ITH1";"A";"2010";NA;"na";NA
"V11210";"H";"ITH1";"A";"2009";NA;"na";NA
"V11210";"H";"ITH1";"A";"2008";NA;"na";NA
"V11210";"H";"ITH2";"A";"2013";1181;NA;NA
"V11210";"H";"ITH2";"A";"2012";1200;NA;NA
"V11210";"H";"ITH2";"A";"2011";1476;NA;NA
"V11210";"H";"ITH2";"A";"2010";NA;"na";NA
"V11210";"H";"ITH2";"A";"2009";NA;"na";NA
"V11210";"H";"ITH2";"A";"2008";NA;"na";NA
"V11210";"H";"MT";"A";"2013";1308;NA;NA
"V11210";"H";"MT";"A";"2012";1401;NA;NA
"V11210";"H";"MT";"A";"2011";1517;NA;NA
"V11210";"H";"MT";"A";"2010";1769;NA;NA
"V11210";"H";"MT";"A";"2009";1658;NA;NA
"V11210";"H";"MT";"A";"2008";1639;NA;NA
"V11210";"H";"NL12";"A";"2013";1924;NA;NA
"V11210";"H";"NL12";"A";"2012";1645;NA;NA
"V11210";"H";"NL12";"A";"2011";1582;NA;NA
"V11210";"H";"NL12";"A";"2010";1572;NA;NA
"V11210";"H";"NL12";"A";"2009";1375;NA;NA
"V11210";"H";"NL12";"A";"2008";1368;NA;NA
"V11210";"H";"NL13";"A";"2013";995;NA;NA
"V11210";"H";"NL13";"A";"2012";827;NA;NA
"V11210";"H";"NL13";"A";"2011";801;NA;NA
"V11210";"H";"NL13";"A";"2010";795;NA;NA
"V11210";"H";"NL13";"A";"2009";718;NA;NA
"V11210";"H";"NL13";"A";"2008";730;NA;NA
"V11210";"H";"NL34";"A";"2013";1294;NA;NA
"V11210";"H";"NL34";"A";"2012";1120;NA;NA
"V11210";"H";"NL34";"A";"2011";1094;NA;NA
"V11210";"H";"NL34";"A";"2010";1103;NA;NA
"V11210";"H";"NL34";"A";"2009";941;NA;NA
"V11210";"H";"NL34";"A";"2008";935;NA;NA
"V11210";"H";"UKC1";"A";"2013";1301;NA;NA
"V11210";"H";"UKC1";"A";"2012";1230;NA;NA
"V11210";"H";"UKC1";"A";"2011";1257;NA;NA
"V11210";"H";"UKC1";"A";"2010";1250;NA;NA
"V11210";"H";"UKC1";"A";"2009";1299;NA;NA
"V11210";"H";"UKC1";"A";"2008";1352;NA;NA
"V11210";"H";"UKE2";"A";"2013";1150;NA;NA
"V11210";"H";"UKE2";"A";"2012";1087;NA;NA
"V11210";"H";"UKE2";"A";"2011";1093;NA;NA
"V11210";"H";"UKE2";"A";"2010";1124;NA;NA
"V11210";"H";"UKE2";"A";"2009";1140;NA;NA
"V11210";"H";"UKE2";"A";"2008";1196;NA;NA
"V11210";"I";"AT32";"A";"2013";6110;NA;NA
"V11210";"I";"AT32";"A";"2012";5748;NA;NA
"V11210";"I";"AT32";"A";"2011";5525;NA;NA
"V11210";"I";"AT32";"A";"2010";5556;NA;NA
"V11210";"I";"AT32";"A";"2009";5525;NA;NA
"V11210";"I";"AT32";"A";"2008";5552;NA;NA
"V11210";"I";"AT33";"A";"2013";10655;NA;NA
"V11210";"I";"AT33";"A";"2012";10131;NA;NA
"V11210";"I";"AT33";"A";"2011";9499;NA;NA
"V11210";"I";"AT33";"A";"2010";9521;NA;NA
"V11210";"I";"AT33";"A";"2009";9325;NA;NA
"V11210";"I";"AT33";"A";"2008";9364;NA;NA
"V11210";"I";"BE22";"A";"2013";3819;NA;NA
"V11210";"I";"BE22";"A";"2012";3965;NA;NA
"V11210";"I";"BE22";"A";"2011";3846;NA;NA
"V11210";"I";"BE22";"A";"2010";3866;NA;NA
"V11210";"I";"BE22";"A";"2009";3409;NA;NA
"V11210";"I";"BE22";"A";"2008";3496;NA;NA
"V11210";"I";"ES13";"A";"2013";4635;NA;NA
"V11210";"I";"ES13";"A";"2012";4835;NA;NA
"V11210";"I";"ES13";"A";"2011";4905;NA;NA
"V11210";"I";"ES13";"A";"2010";4719;NA;NA
"V11210";"I";"ES13";"A";"2009";4842;NA;NA
"V11210";"I";"ES13";"A";"2008";4722;NA;NA
"V11210";"I";"ITH1";"A";"2013";8462;NA;NA
"V11210";"I";"ITH1";"A";"2012";8509;NA;NA
"V11210";"I";"ITH1";"A";"2011";8572;NA;NA
"V11210";"I";"ITH1";"A";"2010";NA;"na";NA
"V11210";"I";"ITH1";"A";"2009";NA;"na";NA
"V11210";"I";"ITH1";"A";"2008";NA;"na";NA
"V11210";"I";"ITH2";"A";"2013";4398;NA;NA
"V11210";"I";"ITH2";"A";"2012";4331;NA;NA
"V11210";"I";"ITH2";"A";"2011";4818;NA;NA
"V11210";"I";"ITH2";"A";"2010";NA;"na";NA
"V11210";"I";"ITH2";"A";"2009";NA;"na";NA
"V11210";"I";"ITH2";"A";"2008";NA;"na";NA
"V11210";"I";"MT";"A";"2013";2129;NA;NA
"V11210";"I";"MT";"A";"2012";2075;NA;NA
"V11210";"I";"MT";"A";"2011";2149;NA;NA
"V11210";"I";"MT";"A";"2010";1969;NA;NA
"V11210";"I";"MT";"A";"2009";1926;NA;NA
"V11210";"I";"MT";"A";"2008";1669;NA;NA
"V11210";"I";"NL12";"A";"2013";2706;NA;NA
"V11210";"I";"NL12";"A";"2012";2436;NA;NA
"V11210";"I";"NL12";"A";"2011";2309;NA;NA
"V11210";"I";"NL12";"A";"2010";2309;NA;NA
"V11210";"I";"NL12";"A";"2009";1981;NA;NA
"V11210";"I";"NL12";"A";"2008";1884;NA;NA
"V11210";"I";"NL13";"A";"2013";1824;NA;NA
"V11210";"I";"NL13";"A";"2012";1625;NA;NA
"V11210";"I";"NL13";"A";"2011";1551;NA;NA
"V11210";"I";"NL13";"A";"2010";1533;NA;NA
"V11210";"I";"NL13";"A";"2009";1333;NA;NA
"V11210";"I";"NL13";"A";"2008";1266;NA;NA
"V11210";"I";"NL34";"A";"2013";2309;NA;NA
"V11210";"I";"NL34";"A";"2012";2067;NA;NA
"V11210";"I";"NL34";"A";"2011";1993;NA;NA
"V11210";"I";"NL34";"A";"2010";1978;NA;NA
"V11210";"I";"NL34";"A";"2009";1726;NA;NA
"V11210";"I";"NL34";"A";"2008";1615;NA;NA
"V11210";"I";"UKC1";"A";"2013";2401;NA;NA
"V11210";"I";"UKC1";"A";"2012";2338;NA;NA
"V11210";"I";"UKC1";"A";"2011";2400;NA;NA
"V11210";"I";"UKC1";"A";"2010";2726;NA;NA
"V11210";"I";"UKC1";"A";"2009";2828;NA;NA
"V11210";"I";"UKC1";"A";"2008";2902;NA;NA
"V11210";"I";"UKE2";"A";"2013";3209;NA;NA
"V11210";"I";"UKE2";"A";"2012";3108;NA;NA
"V11210";"I";"UKE2";"A";"2011";3133;NA;NA
"V11210";"I";"UKE2";"A";"2010";3189;NA;NA
"V11210";"I";"UKE2";"A";"2009";3198;NA;NA
"V11210";"I";"UKE2";"A";"2008";3254;NA;NA
"V11210";"J";"AT32";"A";"2013";1058;NA;NA
"V11210";"J";"AT32";"A";"2012";1028;NA;NA
"V11210";"J";"AT32";"A";"2011";1010;NA;NA
"V11210";"J";"AT32";"A";"2010";990;NA;NA
"V11210";"J";"AT32";"A";"2009";943;NA;NA
"V11210";"J";"AT32";"A";"2008";950;NA;NA
"V11210";"J";"AT33";"A";"2013";1226;NA;NA
"V11210";"J";"AT33";"A";"2012";1190;NA;NA
"V11210";"J";"AT33";"A";"2011";1187;NA;NA
"V11210";"J";"AT33";"A";"2010";1149;NA;NA
"V11210";"J";"AT33";"A";"2009";1065;NA;NA
"V11210";"J";"AT33";"A";"2008";1085;NA;NA
"V11210";"J";"BE22";"A";"2013";1765;NA;NA
"V11210";"J";"BE22";"A";"2012";1779;NA;NA
"V11210";"J";"BE22";"A";"2011";1597;NA;NA
"V11210";"J";"BE22";"A";"2010";1518;NA;NA
"V11210";"J";"BE22";"A";"2009";1179;NA;NA
"V11210";"J";"BE22";"A";"2008";1050;NA;NA
"V11210";"J";"ES13";"A";"2013";378;NA;NA
"V11210";"J";"ES13";"A";"2012";404;NA;NA
"V11210";"J";"ES13";"A";"2011";377;NA;NA
"V11210";"J";"ES13";"A";"2010";402;NA;NA
"V11210";"J";"ES13";"A";"2009";389;NA;NA
"V11210";"J";"ES13";"A";"2008";392;NA;NA
"V11210";"J";"ITH1";"A";"2013";928;NA;NA
"V11210";"J";"ITH1";"A";"2012";955;NA;NA
"V11210";"J";"ITH1";"A";"2011";1067;NA;NA
"V11210";"J";"ITH1";"A";"2010";NA;"na";NA
"V11210";"J";"ITH1";"A";"2009";NA;"na";NA
"V11210";"J";"ITH1";"A";"2008";NA;"na";NA
"V11210";"J";"ITH2";"A";"2013";991;NA;NA
"V11210";"J";"ITH2";"A";"2012";972;NA;NA
"V11210";"J";"ITH2";"A";"2011";1063;NA;NA
"V11210";"J";"ITH2";"A";"2010";NA;"na";NA
"V11210";"J";"ITH2";"A";"2009";NA;"na";NA
"V11210";"J";"ITH2";"A";"2008";NA;"na";NA
"V11210";"J";"MT";"A";"2013";921;NA;NA
"V11210";"J";"MT";"A";"2012";1040;NA;NA
"V11210";"J";"MT";"A";"2011";1056;NA;NA
"V11210";"J";"MT";"A";"2010";1058;NA;NA
"V11210";"J";"MT";"A";"2009";916;NA;NA
"V11210";"J";"MT";"A";"2008";785;NA;NA
"V11210";"J";"NL12";"A";"2013";2251;NA;NA
"V11210";"J";"NL12";"A";"2012";1635;NA;NA
"V11210";"J";"NL12";"A";"2011";1451;NA;NA
"V11210";"J";"NL12";"A";"2010";1348;NA;NA
"V11210";"J";"NL12";"A";"2009";771;NA;NA
"V11210";"J";"NL12";"A";"2008";701;NA;NA
"V11210";"J";"NL13";"A";"2013";1604;NA;NA
"V11210";"J";"NL13";"A";"2012";1239;NA;NA
"V11210";"J";"NL13";"A";"2011";1117;NA;NA
"V11210";"J";"NL13";"A";"2010";1034;NA;NA
"V11210";"J";"NL13";"A";"2009";657;NA;NA
"V11210";"J";"NL13";"A";"2008";599;NA;NA
"V11210";"J";"NL34";"A";"2013";999;NA;NA
"V11210";"J";"NL34";"A";"2012";738;NA;NA
"V11210";"J";"NL34";"A";"2011";652;NA;NA
"V11210";"J";"NL34";"A";"2010";603;NA;NA
"V11210";"J";"NL34";"A";"2009";384;NA;NA
"V11210";"J";"NL34";"A";"2008";367;NA;NA
"V11210";"J";"UKC1";"A";"2013";1027;NA;NA
"V11210";"J";"UKC1";"A";"2012";953;NA;NA
"V11210";"J";"UKC1";"A";"2011";963;NA;NA
"V11210";"J";"UKC1";"A";"2010";907;NA;NA
"V11210";"J";"UKC1";"A";"2009";923;NA;NA
"V11210";"J";"UKC1";"A";"2008";987;NA;NA
"V11210";"J";"UKE2";"A";"2013";1604;NA;NA
"V11210";"J";"UKE2";"A";"2012";1527;NA;NA
"V11210";"J";"UKE2";"A";"2011";1467;NA;NA
"V11210";"J";"UKE2";"A";"2010";1393;NA;NA
"V11210";"J";"UKE2";"A";"2009";1429;NA;NA
"V11210";"J";"UKE2";"A";"2008";1495;NA;NA
"V11210";"L";"AT32";"A";"2013";1878;NA;NA
"V11210";"L";"AT32";"A";"2012";1611;NA;NA
"V11210";"L";"AT32";"A";"2011";1514;NA;NA
"V11210";"L";"AT32";"A";"2010";1439;NA;NA
"V11210";"L";"AT32";"A";"2009";1313;NA;NA
"V11210";"L";"AT32";"A";"2008";1282;NA;NA
"V11210";"L";"AT33";"A";"2013";2027;NA;NA
"V11210";"L";"AT33";"A";"2012";1785;NA;NA
"V11210";"L";"AT33";"A";"2011";1639;NA;NA
"V11210";"L";"AT33";"A";"2010";1570;NA;NA
"V11210";"L";"AT33";"A";"2009";1431;NA;NA
"V11210";"L";"AT33";"A";"2008";1449;NA;NA
"V11210";"L";"BE22";"A";"2013";2879;NA;NA
"V11210";"L";"BE22";"A";"2012";2698;NA;NA
"V11210";"L";"BE22";"A";"2011";2638;NA;NA
"V11210";"L";"BE22";"A";"2010";2358;NA;NA
"V11210";"L";"BE22";"A";"2009";1742;NA;NA
"V11210";"L";"BE22";"A";"2008";1165;NA;NA
"V11210";"L";"ES13";"A";"2013";1387;NA;NA
"V11210";"L";"ES13";"A";"2012";1289;NA;NA
"V11210";"L";"ES13";"A";"2011";1237;NA;NA
"V11210";"L";"ES13";"A";"2010";1315;NA;NA
"V11210";"L";"ES13";"A";"2009";1239;NA;NA
"V11210";"L";"ES13";"A";"2008";1157;NA;NA
"V11210";"L";"ITH1";"A";"2013";2570;NA;NA
"V11210";"L";"ITH1";"A";"2012";2429;NA;NA
"V11210";"L";"ITH1";"A";"2011";2888;NA;NA
"V11210";"L";"ITH1";"A";"2010";NA;"na";NA
"V11210";"L";"ITH1";"A";"2009";NA;"na";NA
"V11210";"L";"ITH1";"A";"2008";NA;"na";NA
"V11210";"L";"ITH2";"A";"2013";2747;NA;NA
"V11210";"L";"ITH2";"A";"2012";2646;NA;NA
"V11210";"L";"ITH2";"A";"2011";2924;NA;NA
"V11210";"L";"ITH2";"A";"2010";NA;"na";NA
"V11210";"L";"ITH2";"A";"2009";NA;"na";NA
"V11210";"L";"ITH2";"A";"2008";NA;"na";NA
"V11210";"L";"MT";"A";"2013";1408;NA;NA
"V11210";"L";"MT";"A";"2012";1560;NA;NA
"V11210";"L";"MT";"A";"2011";1586;NA;NA
"V11210";"L";"MT";"A";"2010";1769;NA;NA
"V11210";"L";"MT";"A";"2009";1672;NA;NA
"V11210";"L";"MT";"A";"2008";1241;NA;NA
"V11210";"L";"NL12";"A";"2013";1029;NA;NA
"V11210";"L";"NL12";"A";"2012";1260;NA;NA
"V11210";"L";"NL12";"A";"2011";1238;NA;NA
"V11210";"L";"NL12";"A";"2010";1203;NA;NA
"V11210";"L";"NL12";"A";"2009";717;NA;NA
"V11210";"L";"NL12";"A";"2008";647;NA;NA
"V11210";"L";"NL13";"A";"2013";714;NA;NA
"V11210";"L";"NL13";"A";"2012";796;NA;NA
"V11210";"L";"NL13";"A";"2011";746;NA;NA
"V11210";"L";"NL13";"A";"2010";763;NA;NA
"V11210";"L";"NL13";"A";"2009";479;NA;NA
"V11210";"L";"NL13";"A";"2008";477;NA;NA
"V11210";"L";"NL34";"A";"2013";858;NA;NA
"V11210";"L";"NL34";"A";"2012";873;NA;NA
"V11210";"L";"NL34";"A";"2011";837;NA;NA
"V11210";"L";"NL34";"A";"2010";798;NA;NA
"V11210";"L";"NL34";"A";"2009";494;NA;NA
"V11210";"L";"NL34";"A";"2008";464;NA;NA
"V11210";"L";"UKC1";"A";"2013";856;NA;NA
"V11210";"L";"UKC1";"A";"2012";841;NA;NA
"V11210";"L";"UKC1";"A";"2011";837;NA;NA
"V11210";"L";"UKC1";"A";"2010";846;NA;NA
"V11210";"L";"UKC1";"A";"2009";852;NA;NA
"V11210";"L";"UKC1";"A";"2008";860;NA;NA
"V11210";"L";"UKE2";"A";"2013";1619;NA;NA
"V11210";"L";"UKE2";"A";"2012";1445;NA;NA
"V11210";"L";"UKE2";"A";"2011";1388;NA;NA
"V11210";"L";"UKE2";"A";"2010";1424;NA;NA
"V11210";"L";"UKE2";"A";"2009";1371;NA;NA
"V11210";"L";"UKE2";"A";"2008";1358;NA;NA
"V11210";"M";"AT32";"A";"2013";4853;NA;NA
"V11210";"M";"AT32";"A";"2012";4645;NA;NA
"V11210";"M";"AT32";"A";"2011";4501;NA;NA
"V11210";"M";"AT32";"A";"2010";4421;NA;NA
"V11210";"M";"AT32";"A";"2009";4168;NA;NA
"V11210";"M";"AT32";"A";"2008";4039;NA;NA
"V11210";"M";"AT33";"A";"2013";5710;NA;NA
"V11210";"M";"AT33";"A";"2012";5475;NA;NA
"V11210";"M";"AT33";"A";"2011";5312;NA;NA
"V11210";"M";"AT33";"A";"2010";5248;NA;NA
"V11210";"M";"AT33";"A";"2009";4915;NA;NA
"V11210";"M";"AT33";"A";"2008";4832;NA;NA
"V11210";"M";"BE22";"A";"2013";7856;NA;NA
"V11210";"M";"BE22";"A";"2012";7474;NA;NA
"V11210";"M";"BE22";"A";"2011";7104;NA;NA
"V11210";"M";"BE22";"A";"2010";6883;NA;NA
"V11210";"M";"BE22";"A";"2009";5496;NA;NA
"V11210";"M";"BE22";"A";"2008";5119;NA;NA
"V11210";"M";"ES13";"A";"2013";4010;NA;NA
"V11210";"M";"ES13";"A";"2012";3648;NA;NA
"V11210";"M";"ES13";"A";"2011";3728;NA;NA
"V11210";"M";"ES13";"A";"2010";3928;NA;NA
"V11210";"M";"ES13";"A";"2009";3998;NA;NA
"V11210";"M";"ES13";"A";"2008";4169;NA;NA
"V11210";"M";"ITH1";"A";"2013";5745;NA;NA
"V11210";"M";"ITH1";"A";"2012";5773;NA;NA
"V11210";"M";"ITH1";"A";"2011";5880;NA;NA
"V11210";"M";"ITH1";"A";"2010";NA;"na";NA
"V11210";"M";"ITH1";"A";"2009";NA;"na";NA
"V11210";"M";"ITH1";"A";"2008";NA;"na";NA
"V11210";"M";"ITH2";"A";"2013";6162;NA;NA
"V11210";"M";"ITH2";"A";"2012";6295;NA;NA
"V11210";"M";"ITH2";"A";"2011";6609;NA;NA
"V11210";"M";"ITH2";"A";"2010";NA;"na";NA
"V11210";"M";"ITH2";"A";"2009";NA;"na";NA
"V11210";"M";"ITH2";"A";"2008";NA;"na";NA
"V11210";"M";"MT";"A";"2013";3015;NA;NA
"V11210";"M";"MT";"A";"2012";3375;NA;NA
"V11210";"M";"MT";"A";"2011";3452;NA;NA
"V11210";"M";"MT";"A";"2010";3931;NA;NA
"V11210";"M";"MT";"A";"2009";3578;NA;NA
"V11210";"M";"MT";"A";"2008";4148;NA;NA
"V11210";"M";"NL12";"A";"2013";9660;NA;NA
"V11210";"M";"NL12";"A";"2012";7536;NA;NA
"V11210";"M";"NL12";"A";"2011";6865;NA;NA
"V11210";"M";"NL12";"A";"2010";6486;NA;NA
"V11210";"M";"NL12";"A";"2009";3839;NA;NA
"V11210";"M";"NL12";"A";"2008";3459;NA;NA
"V11210";"M";"NL13";"A";"2013";6575;NA;NA
"V11210";"M";"NL13";"A";"2012";5022;NA;NA
"V11210";"M";"NL13";"A";"2011";4640;NA;NA
"V11210";"M";"NL13";"A";"2010";4336;NA;NA
"V11210";"M";"NL13";"A";"2009";3091;NA;NA
"V11210";"M";"NL13";"A";"2008";2847;NA;NA
"V11210";"M";"NL34";"A";"2013";4589;NA;NA
"V11210";"M";"NL34";"A";"2012";3506;NA;NA
"V11210";"M";"NL34";"A";"2011";3147;NA;NA
"V11210";"M";"NL34";"A";"2010";2932;NA;NA
"V11210";"M";"NL34";"A";"2009";2041;NA;NA
"V11210";"M";"NL34";"A";"2008";1930;NA;NA
"V11210";"M";"UKC1";"A";"2013";5159;NA;NA
"V11210";"M";"UKC1";"A";"2012";4659;NA;NA
"V11210";"M";"UKC1";"A";"2011";4496;NA;NA
"V11210";"M";"UKC1";"A";"2010";4100;NA;NA
"V11210";"M";"UKC1";"A";"2009";4041;NA;NA
"V11210";"M";"UKC1";"A";"2008";4037;NA;NA
"V11210";"M";"UKE2";"A";"2013";5205;NA;NA
"V11210";"M";"UKE2";"A";"2012";4918;NA;NA
"V11210";"M";"UKE2";"A";"2011";4798;NA;NA
"V11210";"M";"UKE2";"A";"2010";4601;NA;NA
"V11210";"M";"UKE2";"A";"2009";4451;NA;NA
"V11210";"M";"UKE2";"A";"2008";4444;NA;NA
"V11210";"N";"AT32";"A";"2013";1446;NA;NA
"V11210";"N";"AT32";"A";"2012";1356;NA;NA
"V11210";"N";"AT32";"A";"2011";1283;NA;NA
"V11210";"N";"AT32";"A";"2010";1300;NA;NA
"V11210";"N";"AT32";"A";"2009";1274;NA;NA
"V11210";"N";"AT32";"A";"2008";1279;NA;NA
"V11210";"N";"AT33";"A";"2013";1690;NA;NA
"V11210";"N";"AT33";"A";"2012";1570;NA;NA
"V11210";"N";"AT33";"A";"2011";1527;NA;NA
"V11210";"N";"AT33";"A";"2010";1543;NA;NA
"V11210";"N";"AT33";"A";"2009";1446;NA;NA
"V11210";"N";"AT33";"A";"2008";1456;NA;NA
"V11210";"N";"BE22";"A";"2013";2665;NA;NA
"V11210";"N";"BE22";"A";"2012";2371;NA;NA
"V11210";"N";"BE22";"A";"2011";2450;NA;NA
"V11210";"N";"BE22";"A";"2010";2411;NA;NA
"V11210";"N";"BE22";"A";"2009";1889;NA;NA
"V11210";"N";"BE22";"A";"2008";1242;NA;NA
"V11210";"N";"ES13";"A";"2013";1592;NA;NA
"V11210";"N";"ES13";"A";"2012";1482;NA;NA
"V11210";"N";"ES13";"A";"2011";1497;NA;NA
"V11210";"N";"ES13";"A";"2010";1492;NA;NA
"V11210";"N";"ES13";"A";"2009";1563;NA;NA
"V11210";"N";"ES13";"A";"2008";1521;NA;NA
"V11210";"N";"ITH1";"A";"2013";1119;NA;NA
"V11210";"N";"ITH1";"A";"2012";1185;NA;NA
"V11210";"N";"ITH1";"A";"2011";1294;NA;NA
"V11210";"N";"ITH1";"A";"2010";NA;"na";NA
"V11210";"N";"ITH1";"A";"2009";NA;"na";NA
"V11210";"N";"ITH1";"A";"2008";NA;"na";NA
"V11210";"N";"ITH2";"A";"2013";1120;NA;NA
"V11210";"N";"ITH2";"A";"2012";1130;NA;NA
"V11210";"N";"ITH2";"A";"2011";1459;NA;NA
"V11210";"N";"ITH2";"A";"2010";NA;"na";NA
"V11210";"N";"ITH2";"A";"2009";NA;"na";NA
"V11210";"N";"ITH2";"A";"2008";NA;"na";NA
"V11210";"N";"MT";"A";"2013";1376;NA;NA
"V11210";"N";"MT";"A";"2012";1457;NA;NA
"V11210";"N";"MT";"A";"2011";1516;NA;NA
"V11210";"N";"MT";"A";"2010";1654;NA;NA
"V11210";"N";"MT";"A";"2009";1585;NA;NA
"V11210";"N";"MT";"A";"2008";1818;NA;NA
"V11210";"N";"NL12";"A";"2013";2360;NA;NA
"V11210";"N";"NL12";"A";"2012";1892;NA;NA
"V11210";"N";"NL12";"A";"2011";1759;NA;NA
"V11210";"N";"NL12";"A";"2010";1701;NA;NA
"V11210";"N";"NL12";"A";"2009";1369;NA;NA
"V11210";"N";"NL12";"A";"2008";1281;NA;NA
"V11210";"N";"NL13";"A";"2013";1911;NA;NA
"V11210";"N";"NL13";"A";"2012";1517;NA;NA
"V11210";"N";"NL13";"A";"2011";1397;NA;NA
"V11210";"N";"NL13";"A";"2010";1319;NA;NA
"V11210";"N";"NL13";"A";"2009";1100;NA;NA
"V11210";"N";"NL13";"A";"2008";1026;NA;NA
"V11210";"N";"NL34";"A";"2013";1559;NA;NA
"V11210";"N";"NL34";"A";"2012";1200;NA;NA
"V11210";"N";"NL34";"A";"2011";1113;NA;NA
"V11210";"N";"NL34";"A";"2010";1060;NA;NA
"V11210";"N";"NL34";"A";"2009";838;NA;NA
"V11210";"N";"NL34";"A";"2008";783;NA;NA
"V11210";"N";"UKC1";"A";"2013";2109;NA;NA
"V11210";"N";"UKC1";"A";"2012";2159;NA;NA
"V11210";"N";"UKC1";"A";"2011";2280;NA;NA
"V11210";"N";"UKC1";"A";"2010";2143;NA;NA
"V11210";"N";"UKC1";"A";"2009";2245;NA;NA
"V11210";"N";"UKC1";"A";"2008";2322;NA;NA
"V11210";"N";"UKE2";"A";"2013";2588;NA;NA
"V11210";"N";"UKE2";"A";"2012";2459;NA;NA
"V11210";"N";"UKE2";"A";"2011";2567;NA;NA
"V11210";"N";"UKE2";"A";"2010";2464;NA;NA
"V11210";"N";"UKE2";"A";"2009";2496;NA;NA
"V11210";"N";"UKE2";"A";"2008";2500;NA;NA
"V11210";"S95";"AT32";"A";"2013";108;NA;NA
"V11210";"S95";"AT32";"A";"2012";106;NA;NA
"V11210";"S95";"AT32";"A";"2011";107;NA;NA
"V11210";"S95";"AT32";"A";"2010";113;NA;NA
"V11210";"S95";"AT32";"A";"2009";109;NA;NA
"V11210";"S95";"AT32";"A";"2008";107;NA;NA
"V11210";"S95";"AT33";"A";"2013";142;NA;NA
"V11210";"S95";"AT33";"A";"2012";147;NA;NA
"V11210";"S95";"AT33";"A";"2011";146;NA;NA
"V11210";"S95";"AT33";"A";"2010";147;NA;NA
"V11210";"S95";"AT33";"A";"2009";137;NA;NA
"V11210";"S95";"AT33";"A";"2008";133;NA;NA
"V11210";"S95";"BE22";"A";"2013";288;NA;NA
"V11210";"S95";"BE22";"A";"2012";296;NA;NA
"V11210";"S95";"BE22";"A";"2011";264;NA;NA
"V11210";"S95";"BE22";"A";"2010";224;NA;NA
"V11210";"S95";"BE22";"A";"2009";201;NA;NA
"V11210";"S95";"BE22";"A";"2008";237;NA;NA
"V11210";"S95";"ES13";"A";"2013";322;NA;NA
"V11210";"S95";"ES13";"A";"2012";330;NA;NA
"V11210";"S95";"ES13";"A";"2011";320;NA;NA
"V11210";"S95";"ES13";"A";"2010";253;NA;NA
"V11210";"S95";"ES13";"A";"2009";266;NA;NA
"V11210";"S95";"ES13";"A";"2008";271;NA;NA
"V11210";"S95";"ITH1";"A";"2013";207;NA;NA
"V11210";"S95";"ITH1";"A";"2012";205;NA;NA
"V11210";"S95";"ITH1";"A";"2011";208;NA;NA
"V11210";"S95";"ITH1";"A";"2010";NA;"na";NA
"V11210";"S95";"ITH1";"A";"2009";NA;"na";NA
"V11210";"S95";"ITH1";"A";"2008";NA;"na";NA
"V11210";"S95";"ITH2";"A";"2013";161;NA;NA
"V11210";"S95";"ITH2";"A";"2012";184;NA;NA
"V11210";"S95";"ITH2";"A";"2011";236;NA;NA
"V11210";"S95";"ITH2";"A";"2010";NA;"na";NA
"V11210";"S95";"ITH2";"A";"2009";NA;"na";NA
"V11210";"S95";"ITH2";"A";"2008";NA;"na";NA
"V11210";"S95";"MT";"A";"2013";233;NA;NA
"V11210";"S95";"MT";"A";"2012";288;NA;NA
"V11210";"S95";"MT";"A";"2011";297;NA;NA
"V11210";"S95";"MT";"A";"2010";372;NA;NA
"V11210";"S95";"MT";"A";"2009";323;NA;NA
"V11210";"S95";"MT";"A";"2008";367;NA;NA
"V11210";"S95";"NL12";"A";"2013";422;NA;NA
"V11210";"S95";"NL12";"A";"2012";327;NA;NA
"V11210";"S95";"NL12";"A";"2011";319;NA;NA
"V11210";"S95";"NL12";"A";"2010";306;NA;NA
"V11210";"S95";"NL12";"A";"2009";220;NA;NA
"V11210";"S95";"NL12";"A";"2008";208;NA;NA
"V11210";"S95";"NL13";"A";"2013";334;NA;NA
"V11210";"S95";"NL13";"A";"2012";284;NA;NA
"V11210";"S95";"NL13";"A";"2011";259;NA;NA
"V11210";"S95";"NL13";"A";"2010";258;NA;NA
"V11210";"S95";"NL13";"A";"2009";191;NA;NA
"V11210";"S95";"NL13";"A";"2008";180;NA;NA
"V11210";"S95";"NL34";"A";"2013";194;NA;NA
"V11210";"S95";"NL34";"A";"2012";163;NA;NA
"V11210";"S95";"NL34";"A";"2011";154;NA;NA
"V11210";"S95";"NL34";"A";"2010";158;NA;NA
"V11210";"S95";"NL34";"A";"2009";133;NA;NA
"V11210";"S95";"NL34";"A";"2008";135;NA;NA
"V11210";"S95";"UKC1";"A";"2013";102;NA;NA
"V11210";"S95";"UKC1";"A";"2012";106;NA;NA
"V11210";"S95";"UKC1";"A";"2011";108;NA;NA
"V11210";"S95";"UKC1";"A";"2010";94;NA;NA
"V11210";"S95";"UKC1";"A";"2009";81;NA;NA
"V11210";"S95";"UKC1";"A";"2008";84;NA;NA
"V11210";"S95";"UKE2";"A";"2013";98;NA;NA
"V11210";"S95";"UKE2";"A";"2012";95;NA;NA
"V11210";"S95";"UKE2";"A";"2011";86;NA;NA
"V11210";"S95";"UKE2";"A";"2010";90;NA;NA
"V11210";"S95";"UKE2";"A";"2009";81;NA;NA
"V11210";"S95";"UKE2";"A";"2008";88;NA;NA
