"UNIT";"INDIC_TO";"NACE_R2";"GEO";"FREQ";"obsTime";"obsValue";"OBS_STATUS";"OBS_FLAG"
"PCH_PRE";"A001";"I551-I553";"AT32";"A";"2015";0,77;NA;NA
"PCH_PRE";"A001";"I551-I553";"AT32";"A";"2014";2,4;NA;NA
"PCH_PRE";"A001";"I551-I553";"AT32";"A";"2013";1,2;NA;NA
"PCH_PRE";"A001";"I551-I553";"AT32";"A";"2012";-0,3;NA;NA
"PCH_PRE";"A001";"I551-I553";"AT32";"A";"2011";-1;NA;NA
"PCH_PRE";"A001";"I551-I553";"AT32";"A";"2010";-0,1;NA;NA
"PCH_PRE";"A001";"I551-I553";"AT32";"A";"2009";0,3;NA;NA
"PCH_PRE";"A001";"I551-I553";"AT32";"A";"2008";-0,6;NA;NA
"PCH_PRE";"A001";"I551-I553";"AT32";"A";"2007";0,4;NA;NA
"PCH_PRE";"A001";"I551-I553";"AT32";"A";"2006";-0,5;NA;NA
"PCH_PRE";"A001";"I551-I553";"AT32";"A";"2005";-0,3;NA;NA
"PCH_PRE";"A001";"I551-I553";"AT32";"A";"2004";-0,5;NA;NA
"PCH_PRE";"A001";"I551-I553";"AT32";"A";"2003";-1,2;NA;NA
"PCH_PRE";"A001";"I551-I553";"AT32";"A";"2002";0,7;NA;NA
"PCH_PRE";"A001";"I551-I553";"AT32";"A";"2001";-2,8;NA;NA
"PCH_PRE";"A001";"I551-I553";"AT32";"A";"2000";4,1;NA;NA
"PCH_PRE";"A001";"I551-I553";"AT32";"A";"1999";-0,4;NA;NA
"PCH_PRE";"A001";"I551-I553";"AT32";"A";"1998";-0,1;NA;NA
"PCH_PRE";"A001";"I551-I553";"AT32";"A";"1997";-1,2;NA;NA
"PCH_PRE";"A001";"I551-I553";"AT32";"A";"1996";-2,2;NA;NA
"PCH_PRE";"A001";"I551-I553";"AT32";"A";"1995";-0,5;NA;NA
"PCH_PRE";"A001";"I551-I553";"AT32";"A";"1994";-1;NA;NA
"PCH_PRE";"A001";"I551-I553";"AT32";"A";"1993";-0,4;NA;NA
"PCH_PRE";"A001";"I551-I553";"AT32";"A";"1992";-5,3;NA;NA
"PCH_PRE";"A001";"I551-I553";"AT32";"A";"1991";NA;"na";NA
"PCH_PRE";"A001";"I551-I553";"AT32";"A";"1990";NA;"na";NA
"PCH_PRE";"A001";"I551-I553";"AT33";"A";"2015";-0,85;NA;NA
"PCH_PRE";"A001";"I551-I553";"AT33";"A";"2014";-0,8;NA;NA
"PCH_PRE";"A001";"I551-I553";"AT33";"A";"2013";-0,7;NA;NA
"PCH_PRE";"A001";"I551-I553";"AT33";"A";"2012";-0,8;NA;NA
"PCH_PRE";"A001";"I551-I553";"AT33";"A";"2011";1;NA;NA
"PCH_PRE";"A001";"I551-I553";"AT33";"A";"2010";-0,4;NA;NA
"PCH_PRE";"A001";"I551-I553";"AT33";"A";"2009";-1,6;NA;NA
"PCH_PRE";"A001";"I551-I553";"AT33";"A";"2008";-2;NA;NA
"PCH_PRE";"A001";"I551-I553";"AT33";"A";"2007";3,3;NA;NA
"PCH_PRE";"A001";"I551-I553";"AT33";"A";"2006";-0,3;NA;NA
"PCH_PRE";"A001";"I551-I553";"AT33";"A";"2005";-0,5;NA;NA
"PCH_PRE";"A001";"I551-I553";"AT33";"A";"2004";-2,4;NA;NA
"PCH_PRE";"A001";"I551-I553";"AT33";"A";"2003";1,5;NA;NA
"PCH_PRE";"A001";"I551-I553";"AT33";"A";"2002";1,6;NA;NA
"PCH_PRE";"A001";"I551-I553";"AT33";"A";"2001";-1,7;NA;NA
"PCH_PRE";"A001";"I551-I553";"AT33";"A";"2000";3,8;NA;NA
"PCH_PRE";"A001";"I551-I553";"AT33";"A";"1999";-1,8;NA;NA
"PCH_PRE";"A001";"I551-I553";"AT33";"A";"1998";2,1;NA;NA
"PCH_PRE";"A001";"I551-I553";"AT33";"A";"1997";-0,9;NA;NA
"PCH_PRE";"A001";"I551-I553";"AT33";"A";"1996";-0,5;NA;NA
"PCH_PRE";"A001";"I551-I553";"AT33";"A";"1995";-2,1;NA;NA
"PCH_PRE";"A001";"I551-I553";"AT33";"A";"1994";0,3;NA;NA
"PCH_PRE";"A001";"I551-I553";"AT33";"A";"1993";-0,2;NA;NA
"PCH_PRE";"A001";"I551-I553";"AT33";"A";"1992";-1,2;NA;NA
"PCH_PRE";"A001";"I551-I553";"AT33";"A";"1991";NA;"na";NA
"PCH_PRE";"A001";"I551-I553";"AT33";"A";"1990";NA;"na";NA
"PCH_PRE";"A001";"I551-I553";"AT34";"A";"2015";-0,68;NA;NA
"PCH_PRE";"A001";"I551-I553";"AT34";"A";"2014";-0,9;NA;NA
"PCH_PRE";"A001";"I551-I553";"AT34";"A";"2013";-0,2;NA;NA
"PCH_PRE";"A001";"I551-I553";"AT34";"A";"2012";-0,7;NA;NA
"PCH_PRE";"A001";"I551-I553";"AT34";"A";"2011";-0,7;NA;NA
"PCH_PRE";"A001";"I551-I553";"AT34";"A";"2010";0,7;NA;NA
"PCH_PRE";"A001";"I551-I553";"AT34";"A";"2009";2,4;NA;NA
"PCH_PRE";"A001";"I551-I553";"AT34";"A";"2008";-1,1;NA;NA
"PCH_PRE";"A001";"I551-I553";"AT34";"A";"2007";4,2;NA;NA
"PCH_PRE";"A001";"I551-I553";"AT34";"A";"2006";0,5;NA;NA
"PCH_PRE";"A001";"I551-I553";"AT34";"A";"2005";2,4;NA;NA
"PCH_PRE";"A001";"I551-I553";"AT34";"A";"2004";-4,1;NA;NA
"PCH_PRE";"A001";"I551-I553";"AT34";"A";"2003";-2,3;NA;NA
"PCH_PRE";"A001";"I551-I553";"AT34";"A";"2002";3,5;NA;NA
"PCH_PRE";"A001";"I551-I553";"AT34";"A";"2001";-0,5;NA;NA
"PCH_PRE";"A001";"I551-I553";"AT34";"A";"2000";8,2;NA;NA
"PCH_PRE";"A001";"I551-I553";"AT34";"A";"1999";-6,7;NA;NA
"PCH_PRE";"A001";"I551-I553";"AT34";"A";"1998";4,8;NA;NA
"PCH_PRE";"A001";"I551-I553";"AT34";"A";"1997";-0,3;NA;NA
"PCH_PRE";"A001";"I551-I553";"AT34";"A";"1996";-1;NA;NA
"PCH_PRE";"A001";"I551-I553";"AT34";"A";"1995";0,2;NA;NA
"PCH_PRE";"A001";"I551-I553";"AT34";"A";"1994";-0,9;NA;NA
"PCH_PRE";"A001";"I551-I553";"AT34";"A";"1993";-1,1;NA;NA
"PCH_PRE";"A001";"I551-I553";"AT34";"A";"1992";-3,7;NA;NA
"PCH_PRE";"A001";"I551-I553";"AT34";"A";"1991";NA;"na";NA
"PCH_PRE";"A001";"I551-I553";"AT34";"A";"1990";NA;"na";NA
"PCH_PRE";"A001";"I551-I553";"CH07";"A";"2015";NA;"na";NA
"PCH_PRE";"A001";"I551-I553";"CH07";"A";"2014";NA;"na";NA
"PCH_PRE";"A001";"I551-I553";"CH07";"A";"2013";NA;"na";NA
"PCH_PRE";"A001";"I551-I553";"CH07";"A";"2012";NA;"na";NA
"PCH_PRE";"A001";"I551-I553";"CH07";"A";"2011";NA;"na";NA
"PCH_PRE";"A001";"I551-I553";"CH07";"A";"2010";NA;"na";NA
"PCH_PRE";"A001";"I551-I553";"CH07";"A";"2009";NA;"na";NA
"PCH_PRE";"A001";"I551-I553";"CH07";"A";"2008";NA;"na";NA
"PCH_PRE";"A001";"I551-I553";"CH07";"A";"2007";NA;"na";NA
"PCH_PRE";"A001";"I551-I553";"CH07";"A";"2006";NA;"na";NA
"PCH_PRE";"A001";"I551-I553";"CH07";"A";"2005";NA;"na";NA
"PCH_PRE";"A001";"I551-I553";"CH07";"A";"2004";NA;"na";NA
"PCH_PRE";"A001";"I551-I553";"CH07";"A";"2003";NA;"na";NA
"PCH_PRE";"A001";"I551-I553";"CH07";"A";"2002";NA;"na";NA
"PCH_PRE";"A001";"I551-I553";"CH07";"A";"2001";NA;"na";NA
"PCH_PRE";"A001";"I551-I553";"CH07";"A";"2000";NA;"na";NA
"PCH_PRE";"A001";"I551-I553";"CH07";"A";"1999";NA;"na";NA
"PCH_PRE";"A001";"I551-I553";"CH07";"A";"1998";NA;"na";NA
"PCH_PRE";"A001";"I551-I553";"CH07";"A";"1997";NA;"na";NA
"PCH_PRE";"A001";"I551-I553";"CH07";"A";"1996";NA;"na";NA
"PCH_PRE";"A001";"I551-I553";"CH07";"A";"1995";NA;"na";NA
"PCH_PRE";"A001";"I551-I553";"CH07";"A";"1994";NA;"na";NA
"PCH_PRE";"A001";"I551-I553";"CH07";"A";"1993";NA;"na";NA
"PCH_PRE";"A001";"I551-I553";"CH07";"A";"1992";NA;"na";NA
"PCH_PRE";"A001";"I551-I553";"CH07";"A";"1991";NA;"na";NA
"PCH_PRE";"A001";"I551-I553";"CH07";"A";"1990";NA;"na";NA
"PCH_PRE";"A001";"I551-I553";"DE2";"A";"2015";NA;"na";NA
"PCH_PRE";"A001";"I551-I553";"DE2";"A";"2014";-2,03;NA;NA
"PCH_PRE";"A001";"I551-I553";"DE2";"A";"2013";-2;NA;NA
"PCH_PRE";"A001";"I551-I553";"DE2";"A";"2012";-3,5;NA;NA
"PCH_PRE";"A001";"I551-I553";"DE2";"A";"2011";-2,2;NA;NA
"PCH_PRE";"A001";"I551-I553";"DE2";"A";"2010";-0,9;NA;NA
"PCH_PRE";"A001";"I551-I553";"DE2";"A";"2009";-2,8;NA;NA
"PCH_PRE";"A001";"I551-I553";"DE2";"A";"2008";-1;NA;NA
"PCH_PRE";"A001";"I551-I553";"DE2";"A";"2007";-2,8;NA;NA
"PCH_PRE";"A001";"I551-I553";"DE2";"A";"2006";0,3;NA;NA
"PCH_PRE";"A001";"I551-I553";"DE2";"A";"2005";-0,6;NA;NA
"PCH_PRE";"A001";"I551-I553";"DE2";"A";"2004";0,7;NA;NA
"PCH_PRE";"A001";"I551-I553";"DE2";"A";"2003";-1,1;NA;NA
"PCH_PRE";"A001";"I551-I553";"DE2";"A";"2002";-0,3;NA;NA
"PCH_PRE";"A001";"I551-I553";"DE2";"A";"2001";0,2;NA;NA
"PCH_PRE";"A001";"I551-I553";"DE2";"A";"2000";-0,1;NA;NA
"PCH_PRE";"A001";"I551-I553";"DE2";"A";"1999";-0,2;NA;NA
"PCH_PRE";"A001";"I551-I553";"DE2";"A";"1998";0,6;NA;NA
"PCH_PRE";"A001";"I551-I553";"DE2";"A";"1997";1;NA;NA
"PCH_PRE";"A001";"I551-I553";"DE2";"A";"1996";0,5;NA;NA
"PCH_PRE";"A001";"I551-I553";"DE2";"A";"1995";NA;"na";NA
"PCH_PRE";"A001";"I551-I553";"DE2";"A";"1994";NA;"na";NA
"PCH_PRE";"A001";"I551-I553";"DE2";"A";"1993";NA;"na";NA
"PCH_PRE";"A001";"I551-I553";"DE2";"A";"1992";NA;"na";NA
"PCH_PRE";"A001";"I551-I553";"DE2";"A";"1991";NA;"na";NA
"PCH_PRE";"A001";"I551-I553";"DE2";"A";"1990";NA;"na";NA
"PCH_PRE";"A001";"I551-I553";"EU27";"A";"2015";NA;"na";NA
"PCH_PRE";"A001";"I551-I553";"EU27";"A";"2014";0,46;NA;"e"
"PCH_PRE";"A001";"I551-I553";"EU27";"A";"2013";1,03;NA;NA
"PCH_PRE";"A001";"I551-I553";"EU27";"A";"2012";4,88;NA;NA
"PCH_PRE";"A001";"I551-I553";"EU27";"A";"2011";-1,47;NA;NA
"PCH_PRE";"A001";"I551-I553";"EU27";"A";"2010";1,2;NA;NA
"PCH_PRE";"A001";"I551-I553";"EU27";"A";"2009";9,06;NA;NA
"PCH_PRE";"A001";"I551-I553";"EU27";"A";"2008";4;NA;NA
"PCH_PRE";"A001";"I551-I553";"EU27";"A";"2007";0,1;NA;NA
"PCH_PRE";"A001";"I551-I553";"EU27";"A";"2006";4,3;NA;NA
"PCH_PRE";"A001";"I551-I553";"EU27";"A";"2005";-0,8;NA;NA
"PCH_PRE";"A001";"I551-I553";"EU27";"A";"2004";2,7;NA;NA
"PCH_PRE";"A001";"I551-I553";"EU27";"A";"2003";0,9;NA;NA
"PCH_PRE";"A001";"I551-I553";"EU27";"A";"2002";NA;"na";NA
"PCH_PRE";"A001";"I551-I553";"EU27";"A";"2001";NA;"na";NA
"PCH_PRE";"A001";"I551-I553";"EU27";"A";"2000";NA;"na";NA
"PCH_PRE";"A001";"I551-I553";"EU27";"A";"1999";NA;"na";NA
"PCH_PRE";"A001";"I551-I553";"EU27";"A";"1998";NA;"na";NA
"PCH_PRE";"A001";"I551-I553";"EU27";"A";"1997";NA;"na";NA
"PCH_PRE";"A001";"I551-I553";"EU27";"A";"1996";NA;"na";NA
"PCH_PRE";"A001";"I551-I553";"EU27";"A";"1995";NA;"na";NA
"PCH_PRE";"A001";"I551-I553";"EU27";"A";"1994";NA;"na";NA
"PCH_PRE";"A001";"I551-I553";"EU27";"A";"1993";NA;"na";NA
"PCH_PRE";"A001";"I551-I553";"EU27";"A";"1992";NA;"na";NA
"PCH_PRE";"A001";"I551-I553";"EU27";"A";"1991";NA;"na";NA
"PCH_PRE";"A001";"I551-I553";"EU27";"A";"1990";NA;"na";NA
"PCH_PRE";"A001";"I551-I553";"EU28";"A";"2015";NA;"na";NA
"PCH_PRE";"A001";"I551-I553";"EU28";"A";"2014";1,42;NA;"e"
"PCH_PRE";"A001";"I551-I553";"EU28";"A";"2013";1,69;NA;NA
"PCH_PRE";"A001";"I551-I553";"EU28";"A";"2012";16,58;NA;NA
"PCH_PRE";"A001";"I551-I553";"EU28";"A";"2011";-1,45;NA;NA
"PCH_PRE";"A001";"I551-I553";"EU28";"A";"2010";1,2;NA;NA
"PCH_PRE";"A001";"I551-I553";"EU28";"A";"2009";9,04;NA;NA
"PCH_PRE";"A001";"I551-I553";"EU28";"A";"2008";4;NA;NA
"PCH_PRE";"A001";"I551-I553";"EU28";"A";"2007";0,1;NA;NA
"PCH_PRE";"A001";"I551-I553";"EU28";"A";"2006";4,3;NA;NA
"PCH_PRE";"A001";"I551-I553";"EU28";"A";"2005";-0,8;NA;NA
"PCH_PRE";"A001";"I551-I553";"EU28";"A";"2004";2,7;NA;NA
"PCH_PRE";"A001";"I551-I553";"EU28";"A";"2003";1;NA;NA
"PCH_PRE";"A001";"I551-I553";"EU28";"A";"2002";NA;"na";NA
"PCH_PRE";"A001";"I551-I553";"EU28";"A";"2001";NA;"na";NA
"PCH_PRE";"A001";"I551-I553";"EU28";"A";"2000";NA;"na";NA
"PCH_PRE";"A001";"I551-I553";"EU28";"A";"1999";NA;"na";NA
"PCH_PRE";"A001";"I551-I553";"EU28";"A";"1998";NA;"na";NA
"PCH_PRE";"A001";"I551-I553";"EU28";"A";"1997";NA;"na";NA
"PCH_PRE";"A001";"I551-I553";"EU28";"A";"1996";NA;"na";NA
"PCH_PRE";"A001";"I551-I553";"EU28";"A";"1995";NA;"na";NA
"PCH_PRE";"A001";"I551-I553";"EU28";"A";"1994";NA;"na";NA
"PCH_PRE";"A001";"I551-I553";"EU28";"A";"1993";NA;"na";NA
"PCH_PRE";"A001";"I551-I553";"EU28";"A";"1992";NA;"na";NA
"PCH_PRE";"A001";"I551-I553";"EU28";"A";"1991";NA;"na";NA
"PCH_PRE";"A001";"I551-I553";"EU28";"A";"1990";NA;"na";NA
"PCH_PRE";"A001";"I551-I553";"IT";"A";"2015";NA;"na";NA
"PCH_PRE";"A001";"I551-I553";"IT";"A";"2014";0,57;NA;NA
"PCH_PRE";"A001";"I551-I553";"IT";"A";"2013";0,2;NA;NA
"PCH_PRE";"A001";"I551-I553";"IT";"A";"2012";2,3;NA;NA
"PCH_PRE";"A001";"I551-I553";"IT";"A";"2011";2,3;NA;NA
"PCH_PRE";"A001";"I551-I553";"IT";"A";"2010";3,4;NA;NA
"PCH_PRE";"A001";"I551-I553";"IT";"A";"2009";3,6;NA;NA
"PCH_PRE";"A001";"I551-I553";"IT";"A";"2008";7;NA;NA
"PCH_PRE";"A001";"I551-I553";"IT";"A";"2007";-2,7;NA;NA
"PCH_PRE";"A001";"I551-I553";"IT";"A";"2006";3,7;NA;NA
"PCH_PRE";"A001";"I551-I553";"IT";"A";"2005";13,5;NA;NA
"PCH_PRE";"A001";"I551-I553";"IT";"A";"2004";1;NA;NA
"PCH_PRE";"A001";"I551-I553";"IT";"A";"2003";-0,3;NA;NA
"PCH_PRE";"A001";"I551-I553";"IT";"A";"2002";-11,4;NA;NA
"PCH_PRE";"A001";"I551-I553";"IT";"A";"2001";9,4;NA;NA
"PCH_PRE";"A001";"I551-I553";"IT";"A";"2000";69,4;NA;NA
"PCH_PRE";"A001";"I551-I553";"IT";"A";"1999";-0,5;NA;NA
"PCH_PRE";"A001";"I551-I553";"IT";"A";"1998";5,9;NA;NA
"PCH_PRE";"A001";"I551-I553";"IT";"A";"1997";-3,2;NA;NA
"PCH_PRE";"A001";"I551-I553";"IT";"A";"1996";11,6;NA;NA
"PCH_PRE";"A001";"I551-I553";"IT";"A";"1995";7,6;NA;NA
"PCH_PRE";"A001";"I551-I553";"IT";"A";"1994";7,6;NA;NA
"PCH_PRE";"A001";"I551-I553";"IT";"A";"1993";-2,7;NA;NA
"PCH_PRE";"A001";"I551-I553";"IT";"A";"1992";-7,8;NA;NA
"PCH_PRE";"A001";"I551-I553";"IT";"A";"1991";-5;NA;NA
"PCH_PRE";"A001";"I551-I553";"IT";"A";"1990";NA;"na";NA
"PCH_PRE";"A001";"I551-I553";"ITC4";"A";"2015";NA;"na";NA
"PCH_PRE";"A001";"I551-I553";"ITC4";"A";"2014";7,07;NA;NA
"PCH_PRE";"A001";"I551-I553";"ITC4";"A";"2013";4,4;NA;NA
"PCH_PRE";"A001";"I551-I553";"ITC4";"A";"2012";6,4;NA;NA
"PCH_PRE";"A001";"I551-I553";"ITC4";"A";"2011";3,8;NA;NA
"PCH_PRE";"A001";"I551-I553";"ITC4";"A";"2010";5,1;NA;NA
"PCH_PRE";"A001";"I551-I553";"ITC4";"A";"2009";7;NA;NA
"PCH_PRE";"A001";"I551-I553";"ITC4";"A";"2008";6,6;NA;NA
"PCH_PRE";"A001";"I551-I553";"ITC4";"A";"2007";4,7;NA;NA
"PCH_PRE";"A001";"I551-I553";"ITC4";"A";"2006";12,5;NA;NA
"PCH_PRE";"A001";"I551-I553";"ITC4";"A";"2005";4,7;NA;NA
"PCH_PRE";"A001";"I551-I553";"ITC4";"A";"2004";6,6;NA;NA
"PCH_PRE";"A001";"I551-I553";"ITC4";"A";"2003";6;NA;NA
"PCH_PRE";"A001";"I551-I553";"ITC4";"A";"2002";3,7;NA;NA
"PCH_PRE";"A001";"I551-I553";"ITC4";"A";"2001";1,3;NA;NA
"PCH_PRE";"A001";"I551-I553";"ITC4";"A";"2000";-1;NA;NA
"PCH_PRE";"A001";"I551-I553";"ITC4";"A";"1999";-0,4;NA;NA
"PCH_PRE";"A001";"I551-I553";"ITC4";"A";"1998";1,2;NA;NA
"PCH_PRE";"A001";"I551-I553";"ITC4";"A";"1997";-0,9;NA;NA
"PCH_PRE";"A001";"I551-I553";"ITC4";"A";"1996";-0,9;NA;NA
"PCH_PRE";"A001";"I551-I553";"ITC4";"A";"1995";NA;"na";NA
"PCH_PRE";"A001";"I551-I553";"ITC4";"A";"1994";NA;"na";NA
"PCH_PRE";"A001";"I551-I553";"ITC4";"A";"1993";NA;"na";NA
"PCH_PRE";"A001";"I551-I553";"ITC4";"A";"1992";NA;"na";NA
"PCH_PRE";"A001";"I551-I553";"ITC4";"A";"1991";NA;"na";NA
"PCH_PRE";"A001";"I551-I553";"ITC4";"A";"1990";NA;"na";NA
"PCH_PRE";"A001";"I551-I553";"ITH";"A";"2015";NA;"na";NA
"PCH_PRE";"A001";"I551-I553";"ITH";"A";"2014";-2,5;NA;NA
"PCH_PRE";"A001";"I551-I553";"ITH";"A";"2013";-0,9;NA;NA
"PCH_PRE";"A001";"I551-I553";"ITH";"A";"2012";1,5;NA;NA
"PCH_PRE";"A001";"I551-I553";"ITH";"A";"2011";-1,4;NA;NA
"PCH_PRE";"A001";"I551-I553";"ITH";"A";"2010";2;NA;NA
"PCH_PRE";"A001";"I551-I553";"ITH";"A";"2009";3,8;NA;NA
"PCH_PRE";"A001";"I551-I553";"ITH";"A";"2008";4,2;NA;NA
"PCH_PRE";"A001";"I551-I553";"ITH";"A";"2007";-8,6;NA;NA
"PCH_PRE";"A001";"I551-I553";"ITH";"A";"2006";0,7;NA;NA
"PCH_PRE";"A001";"I551-I553";"ITH";"A";"2005";15,9;NA;NA
"PCH_PRE";"A001";"I551-I553";"ITH";"A";"2004";NA;"na";NA
"PCH_PRE";"A001";"I551-I553";"ITH";"A";"2003";NA;"na";NA
"PCH_PRE";"A001";"I551-I553";"ITH";"A";"2002";NA;"na";NA
"PCH_PRE";"A001";"I551-I553";"ITH";"A";"2001";NA;"na";NA
"PCH_PRE";"A001";"I551-I553";"ITH";"A";"2000";NA;"na";NA
"PCH_PRE";"A001";"I551-I553";"ITH";"A";"1999";NA;"na";NA
"PCH_PRE";"A001";"I551-I553";"ITH";"A";"1998";NA;"na";NA
"PCH_PRE";"A001";"I551-I553";"ITH";"A";"1997";NA;"na";NA
"PCH_PRE";"A001";"I551-I553";"ITH";"A";"1996";NA;"na";NA
"PCH_PRE";"A001";"I551-I553";"ITH";"A";"1995";NA;"na";NA
"PCH_PRE";"A001";"I551-I553";"ITH";"A";"1994";NA;"na";NA
"PCH_PRE";"A001";"I551-I553";"ITH";"A";"1993";NA;"na";NA
"PCH_PRE";"A001";"I551-I553";"ITH";"A";"1992";NA;"na";NA
"PCH_PRE";"A001";"I551-I553";"ITH";"A";"1991";NA;"na";NA
"PCH_PRE";"A001";"I551-I553";"ITH";"A";"1990";NA;"na";NA
"PCH_PRE";"A001";"I551-I553";"ITH1";"A";"2015";NA;"na";NA
"PCH_PRE";"A001";"I551-I553";"ITH1";"A";"2014";2,8;NA;NA
"PCH_PRE";"A001";"I551-I553";"ITH1";"A";"2013";-5,1;NA;NA
"PCH_PRE";"A001";"I551-I553";"ITH1";"A";"2012";-0,7;NA;NA
"PCH_PRE";"A001";"I551-I553";"ITH1";"A";"2011";0,4;NA;NA
"PCH_PRE";"A001";"I551-I553";"ITH1";"A";"2010";-0,1;NA;NA
"PCH_PRE";"A001";"I551-I553";"ITH1";"A";"2009";-0,7;NA;NA
"PCH_PRE";"A001";"I551-I553";"ITH1";"A";"2008";0;NA;NA
"PCH_PRE";"A001";"I551-I553";"ITH1";"A";"2007";0,4;NA;NA
"PCH_PRE";"A001";"I551-I553";"ITH1";"A";"2006";0,5;NA;NA
"PCH_PRE";"A001";"I551-I553";"ITH1";"A";"2005";0,4;NA;NA
"PCH_PRE";"A001";"I551-I553";"ITH1";"A";"2004";NA;"na";NA
"PCH_PRE";"A001";"I551-I553";"ITH1";"A";"2003";NA;"na";NA
"PCH_PRE";"A001";"I551-I553";"ITH1";"A";"2002";NA;"na";NA
"PCH_PRE";"A001";"I551-I553";"ITH1";"A";"2001";NA;"na";NA
"PCH_PRE";"A001";"I551-I553";"ITH1";"A";"2000";NA;"na";NA
"PCH_PRE";"A001";"I551-I553";"ITH1";"A";"1999";NA;"na";NA
"PCH_PRE";"A001";"I551-I553";"ITH1";"A";"1998";NA;"na";NA
"PCH_PRE";"A001";"I551-I553";"ITH1";"A";"1997";NA;"na";NA
"PCH_PRE";"A001";"I551-I553";"ITH1";"A";"1996";NA;"na";NA
"PCH_PRE";"A001";"I551-I553";"ITH1";"A";"1995";NA;"na";NA
"PCH_PRE";"A001";"I551-I553";"ITH1";"A";"1994";NA;"na";NA
"PCH_PRE";"A001";"I551-I553";"ITH1";"A";"1993";NA;"na";NA
"PCH_PRE";"A001";"I551-I553";"ITH1";"A";"1992";NA;"na";NA
"PCH_PRE";"A001";"I551-I553";"ITH1";"A";"1991";NA;"na";NA
"PCH_PRE";"A001";"I551-I553";"ITH1";"A";"1990";NA;"na";NA
"PCH_PRE";"A001";"I551-I553";"ITH2";"A";"2015";NA;"na";NA
"PCH_PRE";"A001";"I551-I553";"ITH2";"A";"2014";0,74;NA;NA
"PCH_PRE";"A001";"I551-I553";"ITH2";"A";"2013";1,3;NA;NA
"PCH_PRE";"A001";"I551-I553";"ITH2";"A";"2012";3;NA;NA
"PCH_PRE";"A001";"I551-I553";"ITH2";"A";"2011";-0,2;NA;NA
"PCH_PRE";"A001";"I551-I553";"ITH2";"A";"2010";1,3;NA;NA
"PCH_PRE";"A001";"I551-I553";"ITH2";"A";"2009";3,3;NA;NA
"PCH_PRE";"A001";"I551-I553";"ITH2";"A";"2008";0,9;NA;NA
"PCH_PRE";"A001";"I551-I553";"ITH2";"A";"2007";1,3;NA;NA
"PCH_PRE";"A001";"I551-I553";"ITH2";"A";"2006";1;NA;NA
"PCH_PRE";"A001";"I551-I553";"ITH2";"A";"2005";2;NA;NA
"PCH_PRE";"A001";"I551-I553";"ITH2";"A";"2004";NA;"na";NA
"PCH_PRE";"A001";"I551-I553";"ITH2";"A";"2003";NA;"na";NA
"PCH_PRE";"A001";"I551-I553";"ITH2";"A";"2002";NA;"na";NA
"PCH_PRE";"A001";"I551-I553";"ITH2";"A";"2001";NA;"na";NA
"PCH_PRE";"A001";"I551-I553";"ITH2";"A";"2000";NA;"na";NA
"PCH_PRE";"A001";"I551-I553";"ITH2";"A";"1999";NA;"na";NA
"PCH_PRE";"A001";"I551-I553";"ITH2";"A";"1998";NA;"na";NA
"PCH_PRE";"A001";"I551-I553";"ITH2";"A";"1997";NA;"na";NA
"PCH_PRE";"A001";"I551-I553";"ITH2";"A";"1996";NA;"na";NA
"PCH_PRE";"A001";"I551-I553";"ITH2";"A";"1995";NA;"na";NA
"PCH_PRE";"A001";"I551-I553";"ITH2";"A";"1994";NA;"na";NA
"PCH_PRE";"A001";"I551-I553";"ITH2";"A";"1993";NA;"na";NA
"PCH_PRE";"A001";"I551-I553";"ITH2";"A";"1992";NA;"na";NA
"PCH_PRE";"A001";"I551-I553";"ITH2";"A";"1991";NA;"na";NA
"PCH_PRE";"A001";"I551-I553";"ITH2";"A";"1990";NA;"na";NA
"PCH_PRE";"A001";"I551-I553";"ITH3";"A";"2015";NA;"na";NA
"PCH_PRE";"A001";"I551-I553";"ITH3";"A";"2014";-4,7;NA;NA
"PCH_PRE";"A001";"I551-I553";"ITH3";"A";"2013";-2,2;NA;NA
"PCH_PRE";"A001";"I551-I553";"ITH3";"A";"2012";1,3;NA;NA
"PCH_PRE";"A001";"I551-I553";"ITH3";"A";"2011";4,5;NA;NA
"PCH_PRE";"A001";"I551-I553";"ITH3";"A";"2010";6;NA;NA
"PCH_PRE";"A001";"I551-I553";"ITH3";"A";"2009";5,7;NA;NA
"PCH_PRE";"A001";"I551-I553";"ITH3";"A";"2008";6,9;NA;NA
"PCH_PRE";"A001";"I551-I553";"ITH3";"A";"2007";-13,9;NA;NA
"PCH_PRE";"A001";"I551-I553";"ITH3";"A";"2006";1,1;NA;NA
"PCH_PRE";"A001";"I551-I553";"ITH3";"A";"2005";27,8;NA;NA
"PCH_PRE";"A001";"I551-I553";"ITH3";"A";"2004";NA;"na";NA
"PCH_PRE";"A001";"I551-I553";"ITH3";"A";"2003";NA;"na";NA
"PCH_PRE";"A001";"I551-I553";"ITH3";"A";"2002";NA;"na";NA
"PCH_PRE";"A001";"I551-I553";"ITH3";"A";"2001";NA;"na";NA
"PCH_PRE";"A001";"I551-I553";"ITH3";"A";"2000";NA;"na";NA
"PCH_PRE";"A001";"I551-I553";"ITH3";"A";"1999";NA;"na";NA
"PCH_PRE";"A001";"I551-I553";"ITH3";"A";"1998";NA;"na";NA
"PCH_PRE";"A001";"I551-I553";"ITH3";"A";"1997";NA;"na";NA
"PCH_PRE";"A001";"I551-I553";"ITH3";"A";"1996";NA;"na";NA
"PCH_PRE";"A001";"I551-I553";"ITH3";"A";"1995";NA;"na";NA
"PCH_PRE";"A001";"I551-I553";"ITH3";"A";"1994";NA;"na";NA
"PCH_PRE";"A001";"I551-I553";"ITH3";"A";"1993";NA;"na";NA
"PCH_PRE";"A001";"I551-I553";"ITH3";"A";"1992";NA;"na";NA
"PCH_PRE";"A001";"I551-I553";"ITH3";"A";"1991";NA;"na";NA
"PCH_PRE";"A001";"I551-I553";"ITH3";"A";"1990";NA;"na";NA
